-- Poblar Comuna
INSERT INTO Comuna (nombre) VALUES 
('Ciudad Tokio'),
('Neo-Tokyo'),
('Konoha'),
('Ciudad Mob'),
('Shohoku'),
('Ciudad Z'),
('Nerima'),
('Shinjuku'),
('Akihabara'),
('Saitama');

-- Poblar Colegio
INSERT INTO Colegio (nombre, direccion, id_comuna) VALUES
('Academia U.A.', 'Distrito Musutafu', 1),
('Escuela Técnica Tokyo Jujutsu', 'Tokyo Metropolitano', 2),
('Escuela Kunugigaoka', 'Barrio Secreto', 3),
('Escuela Mob Psycho', 'Centro Urbano', 4),
('Instituto Shohoku', 'Kanagawa', 5);

-- Poblar Empleado
INSERT INTO Empleado (rut_empleado, nombre, rol, sueldo, dir_casa, id_comuna, id_colegio) VALUES
('12345678-9', 'Kakashi Hatake', 'Profesor', 800000, 'Konoha 123', 3, 3),
('23456789-0', 'Aizawa Shouta', 'Profesor', 850000, 'Tokyo 456', 1, 1),
('34567890-1', 'Gojo Satoru', 'Profesor', 900000, 'Tokyo 789', 2, 2),
('45678901-2', 'Reigen Arataka', 'Orientador', 700000, 'Ciudad Mob', 4, 4),
('56789012-3', 'Anzai Sensei', 'Entrenador', 750000, 'Shohoku', 5, 5),
('67890123-4', 'Genkai', 'Profesor', 780000, 'Torre Genkai', 1, 2),
('78901234-5', 'Hohenheim', 'Profesor', 920000, 'Rizenbul 777', 2, 3),
('89012345-6', 'Izumi Curtis', 'Profesor', 850000, 'Rizenbul 123', 3, 4),
('90123456-7', 'Maestro Roshi', 'Profesor', 890000, 'Isla de Roshi', 4, 5),
('01234567-8', 'Kakuzu', 'Profesor', 810000, 'Aldea de la Cascada', 1, 1),
('11223344-5', 'All Might', 'Profesor', 950000, 'Distrito Musutafu', 1, 1),
('22334455-6', 'Tengen Uzui', 'Profesor', 890000, 'Tokyo Metropolitano', 2, 2),
('33445566-7', 'Silvers Rayleigh', 'Profesor', 930000, 'Barrio Secreto', 3, 3),
('44556677-8', 'Isaac Netero', 'Profesor', 910000, 'Centro Urbano', 4, 4),
('55667788-9', 'Rimuru Tempest', 'Profesor', 880000, 'Shohoku', 5, 5),
('67890123-0', 'Kento Nanami', 'Inspector', 700000, 'Tokyo 800', 9, 2),
('78901234-0', 'Yakuza Tatsu', 'Inspector', 750000, 'Tokyo 900', 6, 2),
('89012345-0', 'Shinji Ikari', 'Asistente', 600000, 'Neo-Tokyo 101', 10, 2),
('90123456-0', 'Levi Ackerman', 'Inspector', 800000, 'Distrito Shiganshina', 7, 1),
('11223344-0', 'Hange Zoe', 'Auxiliar Médico', 650000, 'Saitama', 10, 5),
('22334455-0', 'Roronoa Zoro', 'Portero', 500000, 'Nerima', 7, 3),
('33445566-0', 'Trafalgar Law', 'Médico', 950000, 'Shinjuku', 8, 2);

-- Poblar Profesor
INSERT INTO Profesor (horas_clase, rut_empleado) VALUES
(20, '12345678-9'),
(25, '23456789-0'),
(30, '34567890-1'),
(35, '45678901-2'),
(40, '56789012-3'),
(22, '67890123-4'),
(28, '78901234-5'),
(32, '89012345-6'),
(38, '90123456-7'),
(42, '01234567-8'),
(45, '11223344-5'),
(50, '22334455-6'),
(55, '33445566-7'),
(48, '44556677-8'),
(52, '55667788-9');

-- Poblar Grado
INSERT INTO Grado (nombre_grado) VALUES 
('Primer Año'),
('Segundo Año'),
('Tercer Año'),
('Cuarto Básico'),
('Quinto Básico'),
('Sexto Básico'),
('Séptimo Básico'),
('Octavo Básico'),
('Primero Medio'),
('Segundo Medio'),
('Tercero Medio'),
('Cuarto Medio');

-- Poblar Curso
INSERT INTO Curso (anio, id_grado, id_profesor_jefe, id_colegio) VALUES
(2019, 1, 1, 1),
(2019, 2, 2, 2),
(2020, 3, 3, 3),
(2020, 1, 4, 4),
(2021, 2, 5, 5),
(2021, 3, 6, 1),
(2022, 1, 7, 2),
(2022, 2, 8, 3),
(2023, 3, 9, 4),
(2023, 1, 10, 5),
(2024, 2, 11, 1),
(2024, 3, 12, 2),
(2025, 1, 13, 3),
(2025, 2, 14, 4),
(2025, 1, 1, 1),
(2025, 2, 2, 2),
(2025, 3, 3, 3),
(2025, 1, 4, 4),
(2025, 2, 5, 5),
(2025, 3, 15, 5);


-- Poblar ProfCurso
INSERT INTO ProfCurso (id_profesor, id_curso, flg_profesor_jefe) VALUES
(1, 1, TRUE),
(2, 2, TRUE),
(3, 3, TRUE),
(4, 4, TRUE),
(5, 5, TRUE),
(6, 6, FALSE),
(7, 7, TRUE),
(8, 8, FALSE),
(9, 9, TRUE),
(10, 10, FALSE),
(11, 11, FALSE),
(12, 12, FALSE),
(13, 13, FALSE),
(14, 14, FALSE),
(15, 15, FALSE);

-- Poblar Apoderado
INSERT INTO Apoderado (rut_apoderado, nombre, dir_casa, telefono, es_padre, id_comuna) VALUES
('67890123-4', 'Reigen Arataka', 'Ciudad Mob', '555-1234', FALSE, 4),
('78901234-5', 'Gendo Ikari', 'Neo-Tokyo', '555-5678', TRUE, 2),
('89012345-6', 'Hinata Hyuga', 'Konoha', '555-9876', TRUE, 3),
('90123456-7', 'Toshinori Yagi', 'Distrito Musutafu', '555-0000', FALSE, 4),
('01234567-8', 'Hiromi Shiota', 'Shohoku', '555-2468', TRUE, 5),
('41234567-8', 'Rukawa Kaede ', 'Shohoku', '525-2468', FALSE, 5),
('12345678-1', 'Endeavor', 'Distrito Musutafu', '555-1111', TRUE, 1),
('23456789-2', 'Kushina Uzumaki', 'Konoha', '555-2222', TRUE, 3),
('34567890-3', 'Fujimoto', 'Barrio Secreto', '555-3333', FALSE, 3),
('45678901-4', 'Kyojuro Rengoku', 'Tokyo Metropolitano', '555-4444', FALSE, 2),
('56789012-5', 'Soun Tendo', 'Shohoku', '555-5555', TRUE, 5),
('67890123-6', 'Bisco Hatori', 'Neo-Tokyo', '555-6666', FALSE,2);

-- Poblar Alumno
INSERT INTO Alumno (rut_alumno, nombre, dir_casa, rut_apoderado, id_comuna, id_colegio) VALUES
('11111111-1', 'Ritsu  Kageyama', 'Ciudad Mob', '67890123-4', 4, 4),
('22222222-2', 'Shigeo Kageyama', 'Ciudad Mob', '67890123-4', 4, 4),
('33333333-3', 'Nagisa Shiota', 'Barrio Secreto', '01234567-8', 3, 3),
('44444444-4', 'Itadori yuji', 'Tokyo', '78901234-5', 2, 2),
('55555555-5', 'Hanamichi Sakuragi', 'Shohoku', '01234567-8', 5, 5),
('66666666-6', 'Izuku Midoriya', 'Shohoku', '90123456-7', 1, 1),
('77777777-7', 'Bakugo Katsuki', 'Distrito Musutafu', '12345678-1', 1, 1),
('88888888-8', 'Naruto Uzumaki', 'Konoha', '23456789-2', 3, 3),
('99999999-9', 'Denji', 'Barrio Secreto', '34567890-3', 3, 3),
('10101010-1', 'Tanjiro Kamado', 'Tokyo Metropolitano', '45678901-4', 2, 2),
('12121212-2', 'Ranma Saotome', 'Shohoku', '56789012-5', 5, 5),
('13131313-3', 'Tengen Toppa', 'Neo-Tokyo', '67890123-6', 2, 2),
('14141414-4', 'Usumaki Himawari', 'Konoha', '89012345-6', 3, 3),
('15151515-5', 'Akira Sendoh', 'Shohoo', '41234567-8', 5, 1),
('16161616-6', 'Hanamichi Sakuragi', 'Shohoo', '41234567-8', 5, 1),
('17171717-7', 'Usumaki Boruto', 'Konoha', '89012345-6', 3, 3),
('18181818-8', 'Ishigami Yuu', 'Neo-Tokyo', '67890123-6', 2, 2),
('19191919-9', 'Kaguya Shinomiya', 'Neo-Tokyo', '67890123-6', 2, 2),
('20202020-0', 'Chika Fujiwara', 'Neo-Tokyo', '67890123-6', 2, 2),
('21212121-1', 'Miko Iino', 'Neo-Tokyo', '67890123-6', 2, 2),
('23232323-2', 'Narumiya Mei', 'Shohoku', '56789012-5', 5, 5);

-- Poblar AluCurso (1 alumno por curso, total de 18 cursos)
INSERT INTO AluCurso (id_curso, rut_alumno) VALUES
(1, '11111111-1'),
(2, '22222222-2'),
(2, '18181818-8'),
(2, '19191919-9'),
(3, '33333333-3'),
(3, '20202020-0'),
(3, '21212121-1'),
(4, '44444444-4'),
(5, '55555555-5'),
(5, '23232323-2'),
(6, '66666666-6'),
(7, '77777777-7'),
(8, '88888888-8'),
(9, '99999999-9'),
(10, '10101010-1'),
(11, '12121212-2'),
(12, '13131313-3'),
(13, '11111111-1'),
(14, '22222222-2'),
(15, '33333333-3'),
(16, '44444444-4'),
(17, '55555555-5'),
(18, '13131313-3'),
(19, '14141414-4'),
(20, '15151515-5');


-- Poblar Asistencia
INSERT INTO Asistencia (fecha, flg_presente, id_alumnoCurso) VALUES
-- Año 2019
('2019-01-15', TRUE, 1), ('2019-01-15', FALSE, 2), ('2019-01-15', TRUE, 3), ('2019-01-15', TRUE, 4), ('2019-01-15', FALSE, 5), ('2019-01-15', TRUE, 6),
('2019-02-10', TRUE, 1), ('2019-02-10', FALSE, 2), ('2019-02-10', TRUE, 3), ('2019-02-10', TRUE, 4), ('2019-02-10', FALSE, 5), ('2019-02-10', TRUE, 6),
('2019-03-05', TRUE, 1), ('2019-03-05', FALSE, 2), ('2019-03-05', TRUE, 3), ('2019-03-05', TRUE, 4), ('2019-03-05', FALSE, 5), ('2019-03-05', TRUE, 6),
('2019-04-10', TRUE, 1), ('2019-04-10', FALSE, 2), ('2019-04-10', TRUE, 3), ('2019-04-10', TRUE, 4), ('2019-04-10', FALSE, 5), ('2019-04-10', TRUE, 6),
('2019-05-20', TRUE, 1), ('2019-05-20', FALSE, 2), ('2019-05-20', TRUE, 3), ('2019-05-20', TRUE, 4), ('2019-05-20', FALSE, 5), ('2019-05-20', TRUE, 6),
('2019-06-15', TRUE, 1), ('2019-06-15', FALSE, 2), ('2019-06-15', TRUE, 3), ('2019-06-15', TRUE, 4), ('2019-06-15', FALSE, 5), ('2019-06-15', TRUE, 6),
('2019-01-15', TRUE, 7), ('2019-01-15', FALSE, 8), ('2019-01-15', TRUE, 9), ('2019-01-15', TRUE, 10), ('2019-01-15', FALSE, 11), ('2019-01-15', TRUE, 12),
('2019-02-10', TRUE, 7), ('2019-02-10', FALSE, 8), ('2019-02-10', TRUE, 9), ('2019-02-10', TRUE, 10), ('2019-02-10', FALSE, 11), ('2019-02-10', TRUE, 12),
('2019-03-05', TRUE, 7), ('2019-03-05', FALSE, 8), ('2019-03-05', TRUE, 9), ('2019-03-05', TRUE, 10), ('2019-03-05', FALSE, 11), ('2019-03-05', TRUE, 12),
('2019-01-15', TRUE, 13), ('2019-01-15', FALSE, 14), ('2019-01-15', TRUE, 15), ('2019-01-15', TRUE, 16), ('2019-01-15', FALSE, 17), ('2019-01-15', TRUE, 18),
('2019-02-10', TRUE, 13), ('2019-02-10', FALSE, 14), ('2019-02-10', TRUE, 15), ('2019-02-10', TRUE, 16), ('2019-02-10', FALSE, 17), ('2019-02-10', TRUE, 18),
('2019-03-05', TRUE, 13), ('2019-03-05', FALSE, 14), ('2019-03-05', TRUE, 15), ('2019-03-05', TRUE, 16), ('2019-03-05', FALSE, 17), ('2019-03-05', TRUE, 18),
('2019-01-15', FALSE, 19), ('2019-01-15', FALSE, 20), ('2019-02-10', TRUE, 19), ('2019-02-10', FALSE, 20), ('2019-03-05', FALSE, 19), ('2019-03-05', FALSE, 20), 
('2019-03-01', FALSE, 21), ('2019-03-15', FALSE, 21), ('2019-04-01', FALSE, 21), ('2019-05-01', FALSE, 21), ('2019-03-01', TRUE, 22), ('2019-04-01', FALSE, 22),
('2019-05-01', TRUE, 22), ('2019-06-01', FALSE, 22), ('2019-03-01', TRUE, 23), ('2019-03-15', TRUE, 23), ('2019-04-01', TRUE, 23), ('2019-03-01', FALSE, 24),
('2019-04-01', FALSE, 24), ('2019-05-01', FALSE, 24), ('2019-03-01', TRUE, 25),


-- Año 2020
('2020-01-10', TRUE, 1), ('2020-01-10', TRUE, 2), ('2020-01-10', FALSE, 3), ('2020-01-10', TRUE, 4), ('2020-01-10', FALSE, 5), ('2020-01-10', TRUE, 6),
('2020-02-15', TRUE, 1), ('2020-02-15', TRUE, 2), ('2020-02-15', FALSE, 3), ('2020-02-15', TRUE, 4), ('2020-02-15', FALSE, 5), ('2020-02-15', TRUE, 6),
('2020-04-05', TRUE, 1), ('2020-04-05', TRUE, 2), ('2020-04-05', FALSE, 3), ('2020-04-05', TRUE, 4), ('2020-04-05', FALSE, 5), ('2020-04-05', TRUE, 6),
('2020-06-22', TRUE, 1), ('2020-06-22', TRUE, 2), ('2020-06-22', FALSE, 3), ('2020-06-22', TRUE, 4), ('2020-06-22', FALSE, 5), ('2020-06-22', TRUE, 6),
('2020-04-10', TRUE, 7), ('2020-04-10', TRUE, 8), ('2020-04-10', FALSE, 9), ('2020-04-10', TRUE, 10), ('2020-04-10', FALSE, 11), ('2020-04-10', TRUE, 12),
('2020-06-20', TRUE, 7), ('2020-06-20', TRUE, 8), ('2020-06-20', FALSE, 9), ('2020-06-20', TRUE, 10), ('2020-06-20', FALSE, 11), ('2020-06-20', TRUE, 12),
('2020-04-10', TRUE, 13), ('2020-04-10', TRUE, 14), ('2020-04-10', FALSE, 15), ('2020-04-10', TRUE, 16), ('2020-04-10', FALSE, 17), ('2020-04-10', TRUE, 18),
('2020-06-20', TRUE, 13), ('2020-06-20', TRUE, 14), ('2020-06-20', FALSE, 15), ('2020-06-20', TRUE, 16), ('2020-06-20', FALSE, 17), ('2020-06-20', TRUE, 18),
('2020-04-10', FALSE, 19), ('2020-04-10', FALSE, 20), ('2020-06-20', TRUE, 19), ('2020-06-20', TRUE, 20),



-- Año 2021
('2021-01-05', FALSE, 1), ('2021-01-05', TRUE, 2), ('2021-01-05', TRUE, 3), ('2021-01-05', FALSE, 4), ('2021-01-05', TRUE, 5), ('2021-01-05', TRUE, 6),
('2021-02-18', TRUE, 1), ('2021-02-18', TRUE, 2), ('2021-02-18', TRUE, 3), ('2021-02-18', FALSE, 4), ('2021-02-18', TRUE, 5), ('2021-02-18', TRUE, 6),
('2021-01-25', TRUE, 1), ('2021-01-25', FALSE, 2), ('2021-01-25', TRUE, 3), ('2021-01-25', TRUE, 4), ('2021-01-25', FALSE, 5), ('2021-01-25', TRUE, 6),
('2021-07-18', TRUE, 1), ('2021-07-18', TRUE, 2), ('2021-07-18', FALSE, 3), ('2021-07-18', TRUE, 4), ('2021-07-18', FALSE, 5), ('2021-07-18', TRUE, 6),
('2021-12-04', FALSE, 1), ('2021-12-04', TRUE, 2), ('2021-12-04', TRUE, 3), ('2021-12-04', FALSE, 4), ('2021-12-04', TRUE, 5), ('2021-12-04', TRUE, 6),
('2021-01-05', FALSE, 7), ('2021-01-05', TRUE, 8), ('2021-01-05', TRUE, 9), ('2021-01-05', FALSE, 10), ('2021-01-05', TRUE, 11), ('2021-01-05', TRUE, 12),
('2021-07-14', TRUE, 7), ('2021-07-14', TRUE, 8), ('2021-07-14', FALSE, 9), ('2021-07-14', TRUE, 10), ('2021-07-14', FALSE, 11), ('2021-07-14', TRUE, 12),
('2021-01-05', FALSE, 13), ('2021-01-05', TRUE, 14), ('2021-01-05', TRUE, 15), ('2021-01-05', FALSE, 16), ('2021-01-05', TRUE, 17), ('2021-01-05', TRUE, 18),
('2021-07-14', TRUE, 13), ('2021-07-14', TRUE, 14), ('2021-07-14', FALSE, 15), ('2021-07-14', TRUE, 16), ('2021-07-14', FALSE, 17), ('2021-07-14', TRUE, 18),
('2021-01-05', FALSE, 19), ('2021-01-05', TRUE, 20), ('2021-07-14', TRUE, 19), ('2021-07-14', TRUE, 20),


-- Año 2022
('2022-01-07', TRUE, 1), ('2022-01-07', TRUE, 2), ('2022-01-07', FALSE, 3), ('2022-01-07', TRUE, 4), ('2022-01-07', FALSE, 5), ('2022-01-07', TRUE, 6),
('2022-02-20', TRUE, 1), ('2022-02-20', TRUE, 2), ('2022-02-20', FALSE, 3), ('2022-02-20', TRUE, 4), ('2022-02-20', FALSE, 5), ('2022-02-20', TRUE, 6),
('2022-03-17', TRUE, 1), ('2022-03-17', TRUE, 2), ('2022-03-17', FALSE, 3), ('2022-03-17', TRUE, 4), ('2022-03-17', FALSE, 5), ('2022-03-17', TRUE, 6),
('2022-08-22', TRUE, 1), ('2022-08-22', TRUE, 2), ('2022-08-22', FALSE, 3), ('2022-08-22', TRUE, 4), ('2022-08-22', FALSE, 5), ('2022-08-22', TRUE, 6),
('2022-12-30', FALSE, 1), ('2022-12-30', TRUE, 2), ('2022-12-30', TRUE, 3), ('2022-12-30', FALSE, 4), ('2022-12-30', TRUE, 5), ('2022-12-30', TRUE, 6),
('2022-03-17', TRUE, 7), ('2022-03-17', TRUE, 8), ('2022-03-17', FALSE, 9), ('2022-03-17', TRUE, 10), ('2022-03-17', FALSE, 11), ('2022-03-17', TRUE, 12),
('2022-08-22', TRUE, 7), ('2022-08-22', TRUE, 8), ('2022-08-22', FALSE, 9), ('2022-08-22', TRUE, 10), ('2022-08-22', FALSE, 11), ('2022-08-22', TRUE, 12),
('2022-03-17', TRUE, 13), ('2022-03-17', TRUE, 14), ('2022-03-17', FALSE, 15), ('2022-03-17', TRUE, 16), ('2022-03-17', FALSE, 17), ('2022-03-17', TRUE, 18),
('2022-08-22', TRUE, 13), ('2022-08-22', TRUE, 14), ('2022-08-22', FALSE, 15), ('2022-08-22', TRUE, 16), ('2022-08-22', FALSE, 17), ('2022-08-22', TRUE, 18),
('2022-03-17', TRUE, 19), ('2022-03-17', FALSE, 20), ('2022-08-22', FALSE, 19), ('2022-08-22', TRUE, 20),


-- Año 2023
('2023-01-12', FALSE, 1), ('2023-01-12', TRUE, 2), ('2023-01-12', TRUE, 3), ('2023-01-12', FALSE, 4), ('2023-01-12', TRUE, 5), ('2023-01-12', TRUE, 6),
('2023-02-07', TRUE, 1), ('2023-02-07', TRUE, 2), ('2023-02-07', TRUE, 3), ('2023-02-07', FALSE, 4), ('2023-02-07', TRUE, 5), ('2023-02-07', TRUE, 6),
('2023-05-09', TRUE, 1), ('2023-05-09', FALSE, 2), ('2023-05-09', TRUE, 3), ('2023-05-09', TRUE, 4), ('2023-05-09', FALSE, 5), ('2023-05-09', TRUE, 6),
('2023-09-15', TRUE, 1), ('2023-09-15', TRUE, 2), ('2023-09-15', FALSE, 3), ('2023-09-15', TRUE, 4), ('2023-09-15', FALSE, 5), ('2023-09-15', TRUE, 6),
('2023-11-27', FALSE, 1), ('2023-11-27', TRUE, 2), ('2023-11-27', TRUE, 3), ('2023-11-27', FALSE, 4), ('2023-11-27', TRUE, 5), ('2023-11-27', TRUE, 6),
('2023-05-09', TRUE, 7), ('2023-05-09', FALSE, 8), ('2023-05-09', TRUE, 9), ('2023-05-09', TRUE, 10), ('2023-05-09', FALSE, 11), ('2023-05-09', TRUE, 12),
('2023-09-15', TRUE, 7), ('2023-09-15', TRUE, 8), ('2023-09-15', FALSE, 9), ('2023-09-15', TRUE, 10), ('2023-09-15', FALSE, 11), ('2023-09-15', TRUE, 12),
('2023-05-09', TRUE, 13), ('2023-05-09', FALSE, 14), ('2023-05-09', TRUE, 15), ('2023-05-09', TRUE, 16), ('2023-05-09', FALSE, 17), ('2023-05-09', TRUE, 18),
('2023-09-15', FALSE, 13), ('2023-09-15', TRUE, 14), ('2023-09-15', FALSE, 15), ('2023-09-15', TRUE, 16), ('2023-09-15', FALSE, 17), ('2023-09-15', TRUE, 18),
('2023-05-09', FALSE, 19), ('2023-05-09', FALSE, 20), ('2023-09-15', TRUE, 19), ('2023-09-15', TRUE, 20),


-- Año 2024
('2024-01-03', TRUE, 1), ('2024-01-03', TRUE, 2), ('2024-01-03', FALSE, 3), ('2024-01-03', TRUE, 4), ('2024-01-03', TRUE, 5), ('2024-01-03', FALSE, 6),
('2024-02-27', TRUE, 1), ('2024-02-27', TRUE, 2), ('2024-02-27', FALSE, 3), ('2024-02-27', TRUE, 4), ('2024-02-27', TRUE, 5), ('2024-02-27', FALSE, 6),
('2024-04-01', TRUE, 1), ('2024-04-01', TRUE, 2), ('2024-04-01', FALSE, 3), ('2024-04-01', TRUE, 4), ('2024-04-01', TRUE, 5), ('2024-04-01', FALSE, 6),
('2024-07-14', TRUE, 1), ('2024-07-14', TRUE, 2), ('2024-07-14', FALSE, 3), ('2024-07-14', TRUE, 4), ('2024-07-14', TRUE, 5), ('2024-07-14', FALSE, 6),
('2024-10-29', FALSE, 1), ('2024-10-29', TRUE, 2), ('2024-10-29', TRUE, 3), ('2024-10-29', FALSE, 4), ('2024-10-29', TRUE, 5), ('2024-10-29', TRUE, 6),
('2024-04-01', TRUE, 7), ('2024-04-01', TRUE, 8), ('2024-04-01', FALSE, 9), ('2024-04-01', TRUE, 10), ('2024-04-01', TRUE, 11), ('2024-04-01', FALSE, 12),
('2024-07-14', TRUE, 7), ('2024-07-14', TRUE, 8), ('2024-07-14', FALSE, 9), ('2024-07-14', TRUE, 10), ('2024-07-14', TRUE, 11), ('2024-07-14', FALSE, 12),
('2024-04-01', TRUE, 13), ('2024-04-01', TRUE, 14), ('2024-04-01', FALSE, 15), ('2024-04-01', TRUE, 16), ('2024-04-01', TRUE, 17), ('2024-04-01', FALSE, 18),
('2024-07-14', TRUE, 13), ('2024-07-14', TRUE, 14), ('2024-07-14', FALSE, 15), ('2024-07-14', TRUE, 16), ('2024-07-14', TRUE, 17), ('2024-07-14', FALSE, 18),
('2024-04-01', TRUE, 19), ('2024-04-01', TRUE, 20), ('2024-07-14', FALSE, 19), ('2024-07-14', FALSE, 20),


-- Año 2025
('2025-01-19', TRUE, 1), ('2025-01-19', TRUE, 2), ('2025-01-19', FALSE, 3), ('2025-01-19', TRUE, 4), ('2025-01-19', FALSE, 5), ('2025-01-19', TRUE, 6),
('2025-02-05', TRUE, 1), ('2025-02-05', TRUE, 2), ('2025-02-05', FALSE, 3), ('2025-02-05', TRUE, 4), ('2025-02-05', FALSE, 5), ('2025-02-05', TRUE, 6),
('2025-02-20', TRUE, 1), ('2025-02-20', TRUE, 2), ('2025-02-20', FALSE, 3), ('2025-02-20', TRUE, 4), ('2025-02-20', FALSE, 5), ('2025-02-20', TRUE, 6),
('2025-06-10', TRUE, 1), ('2025-06-10', TRUE, 2), ('2025-06-10', FALSE, 3), ('2025-06-10', TRUE, 4), ('2025-06-10', FALSE, 5), ('2025-06-10', TRUE, 6),
('2025-11-15', FALSE, 1), ('2025-11-15', TRUE, 2), ('2025-11-15', TRUE, 3), ('2025-11-15', FALSE, 4), ('2025-11-15', TRUE, 5), ('2025-11-15', TRUE, 6),
('2025-03-31', TRUE, 1), ('2025-03-31', FALSE, 2), ('2025-03-31', TRUE, 3), ('2025-03-31', TRUE, 4), ('2025-03-31', FALSE, 5), ('2025-03-31', TRUE, 6),
('2025-02-20', TRUE, 7), ('2025-02-20', TRUE, 8), ('2025-02-20', FALSE, 9), ('2025-02-20', TRUE, 10), ('2025-02-20', FALSE, 11), ('2025-02-20', TRUE, 12),
('2025-06-10', TRUE, 7), ('2025-06-10', TRUE, 8), ('2025-06-10', FALSE, 9), ('2025-06-10', TRUE, 10), ('2025-06-10', FALSE, 11), ('2025-06-10', TRUE, 12),
('2025-11-15', FALSE, 7), ('2025-11-15', TRUE, 8), ('2025-11-15', TRUE, 9), ('2025-11-15', FALSE, 10), ('2025-11-15', TRUE, 11), ('2025-11-15', TRUE, 12),
('2025-02-20', TRUE, 13), ('2025-02-20', TRUE, 14), ('2025-02-20', FALSE, 15), ('2025-02-20', TRUE, 16), ('2025-02-20', FALSE, 17), ('2025-02-20', TRUE, 18),
('2025-06-10', TRUE, 13), ('2025-06-10', TRUE, 14), ('2025-06-10', FALSE, 15), ('2025-06-10', TRUE, 16), ('2025-06-10', FALSE, 17), ('2025-06-10', TRUE, 18),
('2025-11-15', FALSE, 13), ('2025-11-15', TRUE, 14), ('2025-11-15', TRUE, 15), ('2025-11-15', FALSE, 16), ('2025-11-15', TRUE, 17), ('2025-11-15', TRUE, 18),
('2025-06-10', TRUE, 19), ('2025-06-10', TRUE, 20), ('2025-11-15', FALSE, 19), ('2025-11-15', TRUE, 20);
